ecg_id,target_label,strat_fold,age,sex,heart_rate_bpm,mean_rr_sec,sdnn_ms,rmssd_ms,qrs_duration_ms,max_st_elevation_mv,max_st_depression_mv,overall_sqi,st_I,st_II,st_III,st_AVR,st_AVL,st_AVF,st_V1,st_V2,st_V3,st_V4,st_V5,st_V6
10038,0,3,66.0,0,74.5,0.806,12.6,17.6,130.0,0.13,-0.022,0.938,0.036,0.059,0.028,-0.022,0.003,0.045,0.028,0.122,0.13,0.095,0.062,0.072
7784,0,8,59.0,1,99.2,0.605,12.6,12.2,170.0,0.119,-0.009,0.946,0.014,0.015,-0.009,0.033,0.011,0.004,0.111,0.119,0.113,0.082,0.005,0.021
13236,0,7,35.0,1,85.1,0.705,18.2,20.4,140.0,0.084,-0.017,0.798,0.024,0.029,0.002,-0.017,0.006,0.019,0.007,0.084,0.039,0.053,0.024,0.033
5576,0,7,45.0,0,78.9,0.761,35.7,26.3,170.0,0.271,-0.009,0.834,0.05,0.069,-0.009,-0.003,0.044,0.029,0.092,0.271,0.23,0.075,0.008,0.01
3711,0,7,34.0,0,55.3,1.085,40.6,49.9,130.0,0.344,-0.055,0.955,0.058,0.075,0.024,-0.055,0.024,0.054,0.042,0.178,0.344,0.28,0.204,0.128
8934,0,8,53.0,0,58.2,1.031,19.0,25.9,150.0,0.169,-0.033,0.859,0.048,0.001,-0.033,-0.011,0.041,-0.016,0.042,0.145,0.169,0.097,0.026,0.024
19339,0,2,37.0,1,79.1,0.758,9.9,13.8,160.0,0.216,-0.022,0.965,0.024,0.042,-0.022,-0.01,0.007,0.012,0.099,0.216,0.166,0.089,0.034,0.009
10231,0,6,75.0,1,140.3,0.428,18.6,33.1,120.0,0.098,-0.013,1.0,0.05,0.018,-0.013,0.0,-0.005,0.032,0.046,0.098,0.069,0.087,0.006,0.041
129,0,10,41.0,0,62.5,0.96,13.3,14.6,170.0,0.095,-0.019,0.835,0.046,0.05,-0.019,-0.01,0.031,0.009,0.027,0.095,0.053,0.07,0.08,0.062
9829,0,1,61.0,1,70.0,0.857,32.3,30.6,130.0,0.123,-0.026,0.977,0.062,0.024,-0.022,-0.026,0.039,0.003,0.046,0.123,0.074,0.034,0.027,0.029
13234,0,7,59.0,1,70.7,0.848,24.4,27.4,130.0,0.066,-0.033,0.929,0.025,-0.01,-0.033,-0.008,0.027,-0.016,0.019,0.066,0.0,0.044,0.007,0.003
4969,0,6,66.0,1,64.2,0.934,43.4,78.0,140.0,0.074,-0.027,0.975,0.032,-0.001,-0.027,-0.013,0.034,-0.02,0.006,0.074,0.01,0.003,0.015,-0.001
2838,0,9,58.0,1,60.9,0.984,9.6,13.2,170.0,0.095,-0.046,0.913,0.064,0.064,0.003,-0.046,0.029,0.032,0.028,0.095,0.094,0.066,0.06,0.064
10989,0,5,63.0,1,62.5,0.96,24.9,28.5,130.0,0.096,-0.022,0.797,-0.002,-0.01,-0.006,0.013,0.007,-0.004,0.048,0.096,0.077,0.016,-0.015,-0.022
552,0,1,59.0,0,78.8,0.762,19.5,19.1,100.0,0.398,-0.161,0.986,0.105,0.116,0.05,-0.161,0.007,0.081,0.116,0.376,0.398,0.258,0.085,0.053
3569,0,4,44.0,0,54.5,1.1,20.6,28.0,170.0,0.234,-0.049,0.768,-0.011,-0.049,-0.039,0.051,0.02,-0.047,0.174,0.234,0.168,0.077,0.031,0.005
2841,0,9,55.0,1,89.0,0.674,9.0,10.0,170.0,0.051,-0.028,0.912,0.018,0.01,-0.028,-0.001,0.01,0.015,0.032,0.051,0.051,0.003,-0.004,-0.01
3470,0,4,68.0,1,89.8,0.668,38.8,30.3,150.0,0.143,-0.003,0.983,0.004,0.051,0.026,0.018,-0.003,0.039,0.108,0.143,0.038,0.018,0.031,0.015
16023,0,8,46.0,0,58.6,1.024,55.0,51.7,130.0,0.169,-0.034,0.79,0.04,0.063,0.029,-0.034,0.011,0.068,0.009,0.12,0.169,0.035,0.108,0.043
14623,0,3,64.0,1,66.2,0.907,12.7,23.3,130.0,0.108,-0.045,0.784,0.018,0.068,0.049,-0.045,-0.008,0.055,0.049,0.108,0.066,0.044,0.02,0.019
13567,0,6,33.0,0,60.8,0.987,45.8,35.4,140.0,0.23,-0.022,0.807,0.021,0.058,0.033,-0.022,-0.015,0.045,0.114,0.23,0.154,0.085,0.064,0.05
2979,0,1,80.0,1,64.7,0.927,17.3,22.4,120.0,0.123,-0.028,0.944,0.043,0.07,0.03,-0.028,0.005,0.052,0.041,0.102,0.123,0.107,0.046,0.031
15665,0,2,45.0,1,80.3,0.747,9.9,14.1,150.0,0.086,-0.058,0.902,0.03,0.036,-0.058,-0.009,0.018,-0.007,0.033,0.086,0.069,0.034,0.02,0.044
1097,0,2,43.0,0,55.0,1.091,26.9,35.4,140.0,0.222,-0.054,0.972,0.061,0.077,0.017,-0.054,0.025,0.051,0.045,0.183,0.222,0.153,0.107,0.056
15736,0,8,57.0,0,67.3,0.891,17.0,12.5,150.0,0.101,-0.043,0.784,0.011,-0.019,-0.036,0.034,0.001,-0.024,0.063,0.101,0.029,-0.039,-0.043,-0.017
19765,0,7,76.0,0,85.4,0.703,10.3,12.4,140.0,0.203,-0.028,0.948,0.015,0.07,0.06,-0.028,-0.018,0.072,0.059,0.203,0.164,0.06,0.026,0.014
17454,0,1,59.0,1,76.3,0.787,29.0,10.9,120.0,0.09,-0.033,0.812,-0.022,-0.021,-0.006,0.037,-0.008,-0.005,0.09,0.084,0.018,-0.032,-0.026,-0.033
3119,0,2,63.0,1,55.7,1.077,9.4,14.6,130.0,0.026,-0.014,0.863,0.015,0.021,0.017,-0.014,-0.002,0.022,0.026,0.026,0.022,0.006,0.018,0.018
9389,0,1,55.0,1,64.7,0.927,27.2,29.2,120.0,0.07,-0.018,0.93,-0.009,-0.001,0.015,0.017,-0.018,0.003,0.029,0.07,0.009,-0.004,-0.012,0.002
13379,0,7,86.0,1,82.9,0.724,100.5,139.6,120.0,0.056,-0.028,0.953,0.012,0.014,0.029,-0.003,-0.028,0.024,0.044,0.056,0.047,0.014,-0.021,0.049
4635,0,1,60.0,1,57.7,1.04,20.0,25.7,130.0,0.082,-0.009,0.871,0.053,0.026,0.001,-0.009,0.033,0.009,0.025,0.072,0.082,0.052,0.003,0.007
15270,0,6,63.0,0,64.6,0.929,33.0,27.5,130.0,0.096,-0.028,0.84,0.004,-0.013,-0.016,0.02,0.004,-0.009,0.057,0.096,0.065,0.021,-0.015,-0.028
204,0,9,42.0,0,74.2,0.809,15.0,14.5,170.0,0.306,-0.051,0.885,0.07,0.084,-0.034,-0.051,0.052,0.027,0.048,0.195,0.306,0.242,0.133,0.073
15592,0,2,78.0,0,75.9,0.79,101.7,112.7,170.0,0.066,-0.008,0.895,0.016,0.014,-0.008,0.008,0.018,0.005,0.045,0.066,0.051,0.013,-0.006,0.0
15201,0,5,53.0,1,70.1,0.856,11.5,16.7,120.0,0.089,-0.024,0.966,0.026,0.007,-0.024,-0.008,0.02,-0.008,0.043,0.089,0.068,0.051,0.022,0.005
12836,0,4,53.0,1,58.8,1.021,33.8,28.7,130.0,0.105,-0.038,0.978,0.029,0.062,0.018,-0.038,-0.003,0.053,0.013,0.105,0.098,0.084,0.06,0.053
10484,0,10,35.0,0,53.3,1.126,22.9,27.5,170.0,0.228,-0.06,0.861,0.075,0.103,-0.037,-0.06,0.048,0.024,0.005,0.144,0.228,0.192,0.132,0.067
11299,0,6,25.0,0,80.3,0.748,39.6,33.4,140.0,0.2,-0.087,0.785,0.052,0.031,-0.087,-0.031,0.036,0.013,0.043,0.2,0.108,0.022,0.002,0.016
16398,0,3,70.0,1,74.2,0.808,8.3,12.6,120.0,0.113,-0.006,0.744,0.045,0.007,-0.002,-0.006,0.033,-0.001,0.067,0.113,0.077,0.024,0.021,0.017
253,0,5,57.0,1,54.1,1.109,26.7,33.8,150.0,0.094,-0.008,0.731,0.044,0.046,-0.003,-0.008,0.021,0.017,0.061,0.081,0.094,0.045,0.019,0.036
8069,0,1,46.0,0,58.9,1.019,109.9,141.1,130.0,0.273,-0.06,0.977,0.129,0.096,-0.009,-0.06,0.063,0.029,0.126,0.273,0.16,0.151,0.146,0.123
11014,0,6,51.0,0,78.3,0.767,15.5,19.5,170.0,0.291,-0.053,0.817,0.043,0.163,0.07,-0.053,0.003,0.122,0.092,0.259,0.291,0.114,0.078,0.046
21106,0,1,47.0,1,85.0,0.706,17.8,22.0,130.0,0.029,-0.018,0.991,0.02,0.027,-0.002,-0.018,0.005,0.014,-0.01,0.017,0.029,0.003,0.019,0.015
16438,0,4,82.0,1,70.3,0.854,23.8,23.9,130.0,0.094,-0.013,0.855,0.015,0.025,0.015,-0.011,-0.013,0.019,0.054,0.094,0.064,0.047,0.03,0.026
5436,0,8,47.0,0,91.5,0.656,10.5,12.1,130.0,0.094,-0.025,0.922,-0.011,0.033,0.031,-0.002,-0.025,0.039,0.053,0.094,0.073,0.032,0.007,0.004
8124,0,5,81.0,1,59.7,1.004,10.7,15.0,120.0,0.113,-0.036,0.944,0.066,0.042,-0.002,-0.036,0.021,0.021,0.05,0.113,0.113,0.092,0.054,0.048
10319,0,5,63.0,0,91.2,0.658,20.4,32.7,140.0,0.231,-0.02,0.869,0.046,0.086,0.041,-0.02,-0.01,0.067,0.142,0.231,0.209,0.104,0.104,0.062
10264,0,1,63.0,1,80.8,0.742,15.8,12.9,130.0,0.055,-0.013,0.881,0.016,0.019,-0.013,-0.005,0.004,0.015,0.009,0.055,0.052,0.031,0.023,0.015
1101,0,10,53.0,1,74.2,0.808,12.1,14.5,150.0,0.084,-0.031,0.899,0.056,0.049,0.001,-0.031,0.032,0.015,0.043,0.084,0.06,0.041,0.025,0.028
12004,0,4,24.0,1,57.4,1.046,74.4,111.8,150.0,0.142,-0.017,0.894,0.03,0.036,-0.015,-0.017,0.024,0.015,0.003,0.099,0.142,0.051,0.038,0.025
20246,0,6,51.0,1,68.7,0.874,106.9,185.4,120.0,0.079,-0.027,0.932,0.022,-0.009,-0.022,0.004,0.026,-0.014,0.054,0.071,0.079,-0.008,-0.027,-0.026
21683,0,5,43.0,0,77.7,0.772,21.7,16.5,130.0,0.339,-0.034,0.912,0.061,0.063,-0.002,-0.034,0.027,0.039,0.106,0.339,0.254,0.168,0.089,0.048
7649,0,9,32.0,1,81.4,0.737,22.0,22.9,150.0,0.107,-0.027,0.969,0.033,0.069,0.015,-0.027,0.01,0.054,0.027,0.107,0.062,0.045,0.034,0.046
5652,0,5,57.0,0,80.8,0.743,10.1,10.9,160.0,0.125,-0.014,0.825,0.008,0.019,0.02,-0.01,-0.014,0.008,0.076,0.125,0.076,0.04,0.03,0.033
1865,0,5,34.0,1,83.2,0.721,19.8,16.6,130.0,0.263,-0.023,0.864,0.056,0.03,-0.014,-0.023,0.029,0.011,0.078,0.263,0.138,0.067,0.033,0.005
4035,0,7,74.0,1,92.9,0.646,11.2,15.7,100.0,0.159,-0.104,0.945,0.023,0.055,0.051,-0.104,-0.015,0.055,0.058,0.138,0.159,0.087,0.037,0.027
9961,0,2,57.0,1,82.4,0.728,41.8,25.2,130.0,0.081,-0.019,0.939,0.035,0.004,-0.019,-0.01,0.02,-0.008,0.03,0.06,0.081,0.041,0.024,0.015
4759,0,5,39.0,1,75.0,0.8,29.5,23.0,160.0,0.065,-0.026,0.947,-0.009,0.011,0.039,0.024,-0.026,0.018,0.065,0.058,0.026,0.016,0.002,0.012
20796,0,1,44.0,1,59.4,1.01,20.0,28.5,120.0,0.11,-0.02,0.804,0.016,0.001,-0.02,0.004,0.025,-0.011,0.054,0.11,0.088,0.03,0.008,-0.006
12086,0,8,76.0,1,67.5,0.889,12.2,17.6,120.0,0.13,-0.014,0.843,0.021,0.038,0.029,-0.01,-0.014,0.029,0.072,0.13,0.119,0.038,0.016,-0.008
3450,0,5,44.0,1,71.5,0.839,17.3,25.5,130.0,0.165,-0.02,0.815,0.026,0.035,0.003,-0.02,0.005,0.018,0.056,0.165,0.105,0.04,0.028,0.029
11459,0,1,18.0,1,88.5,0.678,29.1,20.6,150.0,0.123,-0.042,0.85,0.072,0.105,-0.033,-0.042,0.037,0.051,0.001,0.123,0.085,0.062,0.054,0.059
694,0,10,49.0,1,72.6,0.826,37.5,32.7,130.0,0.058,-0.021,0.824,-0.004,0.013,0.014,0.004,-0.008,0.008,0.036,0.058,0.043,0.014,-0.021,-0.008
5405,0,9,55.0,0,93.2,0.644,12.3,13.3,130.0,0.177,-0.006,1.0,0.036,0.042,0.016,-0.006,0.015,0.09,0.051,0.157,0.177,0.109,0.064,0.033
5782,0,9,19.0,1,72.6,0.826,41.2,36.5,170.0,0.106,-0.048,0.901,0.093,0.092,-0.026,-0.048,0.055,0.042,-0.007,0.106,0.059,0.069,0.067,0.079
12622,0,4,58.0,1,66.0,0.909,9.4,16.3,120.0,0.156,-0.012,0.808,0.063,0.016,-0.011,-0.012,0.041,-0.002,0.11,0.156,0.125,0.049,0.025,0.012
18474,0,3,55.0,0,63.4,0.947,6.4,6.7,160.0,0.086,-0.027,0.84,0.052,0.056,0.006,-0.027,0.02,0.036,-0.003,0.086,0.068,0.041,0.048,0.054
17574,0,3,66.0,1,83.0,0.723,17.9,26.5,140.0,0.227,-0.013,0.787,0.018,0.014,0.004,0.01,-0.013,0.016,0.128,0.227,0.184,0.135,0.017,-0.004
9881,0,2,56.0,1,67.0,0.896,12.8,15.6,130.0,0.109,-0.024,0.825,0.03,0.026,0.012,-0.024,0.007,0.009,0.026,0.073,0.109,0.09,0.062,0.063
7126,0,9,64.0,1,66.4,0.904,17.4,22.6,120.0,0.111,-0.019,0.798,0.042,0.02,-0.009,-0.019,0.03,0.002,0.017,0.111,0.083,0.049,0.048,0.025
10465,0,3,87.0,1,88.7,0.676,26.4,19.8,170.0,0.124,-0.031,0.946,0.042,0.017,-0.031,-0.02,0.042,0.007,0.054,0.124,0.107,0.082,0.046,0.025
7394,0,3,70.0,0,77.4,0.775,5.0,6.7,170.0,0.201,-0.023,0.913,-0.014,0.024,0.044,0.018,-0.012,0.021,0.117,0.201,0.193,0.126,0.028,-0.023
2912,0,7,46.0,1,64.4,0.931,28.8,25.0,170.0,0.117,-0.025,0.786,0.038,0.049,0.005,-0.025,0.029,0.026,0.009,0.117,0.074,0.036,0.032,0.036
3730,0,6,16.0,1,64.7,0.928,74.1,57.0,140.0,0.079,-0.012,0.956,0.026,0.04,0.007,-0.012,0.007,0.028,0.001,0.055,0.079,0.052,0.035,0.031
20979,0,4,30.0,1,59.4,1.01,38.3,55.1,140.0,0.189,-0.05,0.901,0.056,0.003,-0.05,0.001,0.031,-0.032,0.038,0.189,0.144,0.042,0.045,0.02
12607,0,10,70.0,1,72.4,0.829,19.8,19.7,170.0,0.12,-0.026,0.923,0.032,0.1,0.032,-0.026,0.019,0.069,0.066,0.12,0.108,0.084,0.044,0.03
5621,0,9,65.0,1,76.5,0.784,47.9,27.1,120.0,0.114,-0.023,0.905,0.035,0.03,0.0,-0.023,0.02,0.014,0.06,0.114,0.096,0.039,0.023,0.021
5638,0,9,68.0,0,83.8,0.716,17.3,15.5,130.0,0.081,-0.028,0.916,0.002,0.048,0.017,-0.007,-0.016,0.042,0.011,0.065,0.081,0.047,-0.005,-0.028
174,0,5,37.0,1,71.9,0.835,15.0,18.7,120.0,0.18,-0.026,0.871,0.024,0.054,0.014,-0.026,0.012,0.036,0.034,0.124,0.18,0.122,0.054,0.027
3907,0,1,77.0,0,84.4,0.711,18.6,16.1,130.0,0.13,-0.032,0.963,0.048,0.074,0.037,-0.032,0.009,0.054,-0.009,0.121,0.13,0.127,0.099,0.064
10436,0,8,48.0,0,55.4,1.084,18.7,22.4,130.0,0.071,-0.035,0.821,0.021,0.071,0.042,-0.035,-0.009,0.059,0.018,0.032,0.059,0.062,0.067,0.052
1618,0,10,39.0,1,75.2,0.798,32.4,43.6,130.0,0.108,-0.034,0.927,0.042,0.055,0.015,-0.034,0.011,0.036,0.014,0.073,0.108,0.067,0.038,0.032
9427,0,7,19.0,0,73.3,0.819,48.5,48.1,130.0,0.146,-0.04,0.884,0.059,0.069,0.033,-0.04,0.026,0.038,0.029,0.146,0.106,0.081,0.049,0.048
5929,0,2,27.0,1,93.6,0.641,8.1,8.5,120.0,0.169,-0.037,0.943,0.053,0.05,-0.004,-0.037,0.026,0.029,0.043,0.169,0.109,0.074,0.036,0.033
19473,0,6,32.0,1,73.9,0.812,13.4,18.7,130.0,0.119,-0.046,0.72,0.046,0.087,0.012,-0.046,0.018,0.046,0.045,0.113,0.119,0.072,0.046,0.069
19985,0,3,61.0,0,68.4,0.877,177.8,191.2,170.0,0.056,-0.018,0.86,0.013,0.054,0.016,-0.008,-0.005,0.017,-0.018,0.046,0.056,0.019,0.005,0.01
10781,0,6,43.0,0,79.1,0.758,22.1,30.1,130.0,0.274,-0.026,0.977,0.079,0.042,-0.008,-0.026,0.043,0.013,0.128,0.274,0.232,0.13,0.079,0.047
13578,0,4,15.0,1,75.0,0.8,24.5,24.7,120.0,0.143,-0.071,1.0,0.039,0.107,0.06,-0.071,-0.014,0.084,-0.037,0.025,0.143,0.12,0.116,0.091
9836,0,7,49.0,0,52.9,1.134,20.6,24.2,170.0,0.168,-0.081,0.805,0.1,0.133,-0.041,-0.081,0.059,0.046,0.031,0.163,0.168,0.132,0.113,0.134
13755,0,1,59.0,0,64.9,0.925,33.5,22.6,140.0,0.117,-0.021,0.807,-0.015,0.021,0.014,0.001,-0.021,0.013,0.06,0.098,0.117,0.038,0.007,0.032
5399,0,3,54.0,0,52.4,1.146,32.0,39.8,140.0,0.126,-0.026,0.856,0.031,0.061,0.017,-0.026,0.007,0.041,0.07,0.126,0.103,0.061,0.034,0.035
21007,0,7,56.0,0,84.8,0.708,15.7,18.2,170.0,0.083,-0.015,0.923,0.025,0.022,-0.01,-0.015,0.021,0.005,0.015,0.083,0.078,0.042,0.009,0.02
17865,0,10,41.0,0,62.3,0.963,10.5,15.8,120.0,0.139,-0.067,0.828,0.082,0.051,-0.018,-0.067,0.063,0.01,0.033,0.139,0.079,0.053,0.048,0.055
16507,0,1,45.0,1,81.6,0.735,13.9,13.8,130.0,0.146,-0.009,0.918,0.026,0.038,0.017,-0.009,0.002,0.019,0.072,0.146,0.072,0.042,0.017,0.015
5834,0,8,73.0,1,62.7,0.957,17.0,20.9,170.0,0.11,-0.01,0.877,-0.005,0.021,0.023,0.001,-0.01,0.023,0.057,0.11,0.064,0.022,-0.001,-0.007
8751,0,2,49.0,1,98.4,0.61,17.3,13.4,170.0,0.189,-0.021,0.919,0.047,0.046,-0.021,-0.008,0.039,0.02,0.07,0.189,0.179,0.077,0.049,0.041
17212,0,4,57.0,1,69.8,0.859,16.8,18.7,150.0,0.123,-0.02,0.796,0.043,0.014,-0.01,-0.009,0.031,-0.003,0.037,0.113,0.123,0.056,0.017,-0.02
2596,0,10,43.0,0,60.4,0.993,34.0,32.2,120.0,0.204,-0.066,0.852,0.053,0.089,0.07,-0.066,0.003,0.085,0.062,0.181,0.204,0.185,0.108,0.055
7007,0,10,60.0,0,66.4,0.904,4.9,4.7,130.0,0.216,-0.026,0.937,0.051,0.043,-0.002,-0.026,0.026,0.011,0.097,0.17,0.216,0.159,0.068,0.022
17005,0,5,46.0,1,76.4,0.785,15.6,19.0,120.0,0.108,-0.034,0.931,0.024,-0.013,-0.034,0.009,0.03,-0.007,0.041,0.108,0.056,0.034,0.005,-0.002
8288,0,5,55.0,0,62.9,0.953,22.1,34.3,120.0,0.211,-0.077,0.913,0.055,-0.003,-0.077,-0.013,0.059,-0.016,0.016,0.118,0.211,0.165,0.141,0.07
1344,0,7,47.0,1,67.5,0.889,24.3,26.7,150.0,0.129,-0.062,0.89,0.082,0.041,-0.062,-0.028,0.066,-0.003,0.029,0.129,0.067,0.053,0.033,0.022
17121,0,4,37.0,0,65.6,0.914,27.6,24.5,130.0,0.156,-0.026,0.94,0.038,0.061,0.01,-0.026,0.007,0.038,0.025,0.128,0.156,0.152,0.075,0.053
9674,0,9,18.0,1,73.9,0.812,43.9,49.8,130.0,0.151,-0.022,0.864,0.042,0.036,0.001,-0.022,0.025,0.017,0.016,0.105,0.151,0.029,0.019,0.019
6470,0,3,75.0,0,64.7,0.928,12.3,16.6,100.0,0.155,-0.075,0.969,0.049,0.018,-0.03,-0.075,0.041,-0.007,0.064,0.155,0.127,0.091,0.036,0.03
13049,0,8,26.0,1,77.0,0.779,23.5,27.4,130.0,0.097,-0.047,0.826,0.06,0.008,-0.047,-0.019,0.049,-0.018,0.044,0.089,0.097,0.074,0.053,0.026
5524,0,6,64.0,1,67.9,0.884,10.7,10.5,170.0,0.063,-0.024,0.865,0.003,0.018,-0.009,0.022,-0.003,0.013,0.033,0.063,0.045,0.013,-0.024,-0.019
197,0,4,53.0,0,64.1,0.937,36.2,23.5,160.0,0.135,-0.014,0.946,0.057,0.088,0.013,0.009,-0.014,0.038,0.081,0.135,0.058,0.056,0.122,0.088
11543,0,7,70.0,0,66.7,0.9,26.1,21.6,130.0,0.073,-0.015,0.811,0.044,0.044,0.028,-0.015,0.008,0.019,0.017,0.064,0.063,0.065,0.073,0.015
11606,0,3,73.0,1,79.9,0.751,92.9,101.8,130.0,0.032,-0.025,0.836,0.013,-0.025,-0.019,-0.007,0.011,-0.021,0.014,0.032,-0.01,-0.021,-0.02,-0.01
12114,0,4,24.0,0,64.4,0.931,61.4,65.1,130.0,0.263,-0.07,0.849,0.117,0.087,0.001,-0.07,0.051,0.039,0.03,0.2,0.263,0.228,0.176,0.146
989,0,8,49.0,0,76.3,0.786,18.2,24.9,120.0,0.157,-0.02,0.976,0.026,0.066,0.033,-0.02,-0.003,0.051,0.041,0.126,0.157,0.098,0.067,0.045
376,0,8,19.0,1,57.4,1.044,40.6,60.8,170.0,0.116,-0.07,0.79,0.066,0.036,-0.07,-0.022,0.057,-0.01,0.028,0.116,0.097,0.034,0.015,0.026
2224,0,10,56.0,1,76.0,0.789,9.0,12.6,170.0,0.06,-0.018,0.768,0.013,0.011,-0.005,0.0,0.003,0.004,0.034,0.054,0.06,-0.008,-0.018,-0.017
1149,0,6,48.0,1,88.1,0.681,11.0,9.6,120.0,0.137,-0.026,0.928,0.036,0.051,0.017,-0.026,0.034,0.032,0.026,0.072,0.137,0.093,0.054,0.051
3722,0,2,18.0,1,70.9,0.846,20.1,32.6,130.0,0.142,-0.036,0.961,0.05,0.067,0.018,-0.036,0.052,0.038,0.051,0.142,0.091,0.05,0.053,0.048
19764,0,5,75.0,0,64.8,0.926,10.2,13.3,150.0,0.136,-0.012,0.896,0.001,-0.004,-0.006,0.011,-0.004,-0.006,0.066,0.136,0.112,0.018,-0.012,-0.011
9285,0,2,26.0,0,66.6,0.901,63.8,60.6,140.0,0.139,-0.033,0.87,0.049,0.073,0.046,-0.033,0.004,0.059,0.006,0.139,0.115,0.066,0.079,0.08
3993,0,5,28.0,0,65.1,0.921,107.0,92.0,120.0,0.233,-0.053,0.87,0.066,0.074,0.003,-0.053,0.033,0.046,0.108,0.233,0.217,0.139,0.099,0.067
366,0,1,22.0,1,82.3,0.729,62.3,38.5,120.0,0.176,-0.028,0.901,0.044,0.047,0.013,-0.028,0.007,0.024,0.032,0.176,0.143,0.071,0.05,0.04
13161,0,4,55.0,1,63.7,0.942,19.9,29.8,170.0,0.077,-0.026,0.992,0.019,0.07,0.052,-0.026,-0.007,0.076,0.024,0.035,0.069,0.077,0.068,0.06
6597,0,1,66.0,0,90.3,0.664,6.2,8.8,170.0,0.182,0.004,0.886,0.05,0.052,0.008,0.005,0.004,0.022,0.051,0.182,0.114,0.038,0.032,0.036
583,0,7,42.0,1,65.2,0.92,20.0,26.5,150.0,0.136,-0.012,0.858,0.017,0.043,0.015,-0.012,-0.012,0.037,0.047,0.136,0.103,0.134,0.039,0.023
6765,0,2,67.0,0,106.8,0.562,69.6,112.7,150.0,0.183,-0.015,0.974,0.007,0.008,0.021,0.024,-0.015,0.013,0.154,0.173,0.183,0.158,0.083,0.026
10728,1,6,70.0,1,72.7,0.825,7.8,10.0,100.0,0.116,-0.063,0.938,0.03,0.044,0.024,-0.063,0.026,0.035,0.007,0.092,0.116,0.077,0.053,0.034
3309,1,1,66.0,1,60.9,0.985,18.0,26.5,100.0,0.262,-0.121,0.96,0.059,-0.104,-0.121,0.044,0.096,-0.099,0.114,0.262,0.142,-0.019,-0.054,-0.07
544,1,9,67.0,0,103.4,0.58,11.2,9.7,130.0,0.4,-0.329,0.938,-0.187,0.066,0.139,0.017,-0.25,0.109,0.099,0.189,0.4,0.387,-0.136,-0.329
12710,1,10,65.0,0,49.4,1.214,4.9,5.8,140.0,0.25,-0.026,0.834,0.033,-0.002,-0.026,0.01,0.032,-0.019,0.115,0.148,0.25,0.212,0.079,0.024
12978,1,3,63.0,1,60.9,0.984,24.1,34.3,170.0,0.043,-0.026,0.884,0.019,0.001,-0.026,-0.003,-0.003,-0.016,0.009,0.042,0.043,0.033,0.026,-0.003
16282,1,2,62.0,0,70.9,0.846,160.2,253.5,100.0,0.219,-0.104,0.906,-0.075,0.038,0.093,0.007,-0.104,0.062,0.118,0.219,0.185,0.128,-0.022,-0.065
5221,1,1,62.0,0,68.6,0.875,25.4,17.0,100.0,0.214,-0.035,0.881,0.003,-0.008,0.01,0.019,-0.004,-0.005,0.127,0.214,0.202,0.07,0.011,-0.035
4375,1,8,47.0,0,70.4,0.853,23.4,27.7,170.0,0.169,-0.023,0.975,0.053,0.046,-0.015,-0.023,0.041,-0.005,0.061,0.169,0.162,0.137,0.081,0.057
3039,1,6,63.0,0,66.7,0.9,6.3,10.0,170.0,0.469,-0.398,0.908,-0.108,-0.053,0.052,0.07,-0.082,0.004,0.095,0.219,0.469,0.085,-0.398,-0.311
11671,1,9,51.0,1,79.0,0.759,27.2,24.7,120.0,0.058,-0.003,0.856,0.023,-0.003,0.003,0.007,0.015,0.0,0.038,0.058,0.023,-0.001,-0.001,0.004
18223,1,2,61.0,0,74.6,0.805,43.6,77.0,140.0,0.045,-0.054,0.833,-0.003,-0.029,-0.017,0.017,0.006,-0.017,0.045,0.033,-0.01,-0.054,-0.054,-0.05
5958,1,9,49.0,0,78.2,0.768,23.5,15.7,120.0,0.264,-0.024,0.886,0.028,0.032,-0.003,-0.024,0.018,0.01,0.113,0.264,0.129,0.052,0.012,0.008
21292,1,7,62.0,1,75.5,0.795,8.9,8.9,170.0,0.117,-0.02,0.816,0.035,0.028,0.004,-0.02,0.03,0.0,0.045,0.117,0.098,0.066,0.024,0.029
146,1,7,45.0,0,79.1,0.758,13.4,10.9,170.0,0.128,-0.058,0.912,0.0,-0.026,-0.058,0.022,0.001,-0.04,0.071,0.128,0.102,0.056,-0.025,-0.038
8793,1,4,55.0,0,47.0,1.277,45.6,82.3,130.0,0.126,-0.075,0.87,0.076,0.087,0.019,-0.075,0.049,0.053,-0.014,0.03,0.104,0.126,0.099,0.071
17876,1,4,69.0,0,76.6,0.783,18.4,30.6,100.0,0.185,-0.058,0.874,-0.032,0.04,0.071,-0.003,-0.058,0.049,0.116,0.172,0.185,0.108,0.015,-0.033
2457,1,4,65.0,0,93.1,0.644,7.3,9.6,100.0,0.284,-0.026,1.0,0.01,-0.026,0.013,0.014,-0.011,-0.006,0.081,0.25,0.284,0.079,0.01,-0.021
13580,1,9,65.0,0,89.6,0.67,9.3,11.8,100.0,0.062,-0.06,0.974,-0.012,0.043,0.051,-0.015,-0.06,0.052,0.034,0.039,0.024,0.062,0.059,0.052
4072,1,10,81.0,1,63.1,0.951,218.3,318.6,130.0,0.136,-0.044,0.815,-0.019,-0.003,0.004,0.009,-0.017,0.001,0.001,0.007,0.136,0.044,-0.004,-0.044
14316,1,6,85.0,0,75.1,0.799,351.5,409.2,170.0,0.253,-0.212,1.0,-0.043,0.036,-0.009,0.012,-0.025,-0.023,0.06,0.05,0.017,0.253,0.091,-0.212
10051,1,5,80.0,0,106.9,0.561,91.1,158.2,170.0,0.127,-0.375,0.987,0.025,0.065,0.015,-0.035,0.006,0.051,-0.247,-0.375,-0.292,-0.091,0.127,0.096
16711,1,9,77.0,1,104.8,0.573,211.4,332.8,100.0,0.124,-0.029,0.908,0.003,0.011,-0.001,-0.029,-0.01,-0.002,0.027,0.124,0.044,0.023,-0.017,-0.022
3668,1,8,52.0,1,62.6,0.958,25.6,24.7,100.0,0.179,-0.045,0.901,0.028,0.045,0.027,-0.045,-0.001,0.039,0.041,0.115,0.179,0.069,0.021,0.012
177,1,4,73.0,0,94.3,0.636,4.9,7.1,100.0,0.234,-0.029,1.0,0.022,-0.026,-0.026,0.007,0.007,-0.029,0.078,0.234,0.23,0.161,0.056,0.025
20655,1,4,57.0,0,50.9,1.179,13.6,16.0,100.0,0.149,-0.056,0.995,0.044,0.066,0.01,-0.056,-0.013,0.038,0.047,0.14,0.149,0.09,0.048,0.038
1918,1,5,57.0,0,77.0,0.779,161.1,278.9,170.0,0.287,-0.029,0.936,0.018,0.049,0.011,0.01,-0.029,0.065,0.112,0.287,0.227,0.094,0.022,-0.014
19370,1,10,87.0,0,72.4,0.829,70.8,97.3,100.0,0.132,-0.152,0.735,-0.054,-0.019,0.029,0.044,-0.034,-0.002,0.081,0.132,-0.004,-0.102,-0.152,-0.117
16952,1,10,82.0,1,60.7,0.988,7.9,13.7,100.0,0.169,-0.024,0.845,0.004,0.023,0.038,-0.008,-0.024,0.032,0.072,0.169,0.148,0.058,0.024,0.017
1415,1,5,48.0,1,67.3,0.892,30.3,44.8,130.0,0.074,-0.023,0.871,0.024,0.032,0.007,-0.023,0.004,0.017,-0.002,0.046,0.074,0.049,0.048,0.047
8983,1,4,60.0,0,89.3,0.672,10.1,11.1,100.0,0.264,-1.301,1.0,-0.335,0.044,0.264,0.069,-0.442,0.144,0.03,-0.156,-0.729,-1.301,-0.552,-0.124
16418,1,6,53.0,0,72.7,0.825,26.1,13.8,160.0,0.114,-0.02,0.954,0.01,0.061,-0.002,-0.02,-0.013,0.03,0.021,0.086,0.114,0.088,0.036,0.005
9480,1,9,65.0,0,66.1,0.908,8.7,15.6,170.0,0.059,-0.058,0.801,-0.008,-0.058,-0.01,0.025,0.015,-0.052,0.059,0.054,0.026,-0.027,-0.058,-0.035
3246,1,10,87.0,1,100.8,0.595,45.7,77.9,100.0,0.489,-0.111,1.0,-0.105,0.001,0.058,0.054,-0.111,0.038,0.25,0.489,0.277,-0.084,-0.05,-0.057
15535,1,4,67.0,0,56.2,1.067,431.1,753.8,170.0,0.169,-0.153,0.838,0.01,-0.153,-0.056,0.169,0.052,-0.103,0.075,0.067,0.04,-0.032,-0.042,-0.046
20921,1,2,52.0,0,70.7,0.849,26.1,36.5,150.0,0.189,-0.062,0.88,0.021,-0.048,-0.058,0.048,0.04,-0.062,0.103,0.189,0.185,0.115,-0.032,-0.042
14908,1,9,59.0,0,71.8,0.835,26.4,45.4,100.0,0.075,-0.042,0.965,0.034,0.028,-0.009,-0.042,0.023,0.017,0.006,0.075,0.072,0.041,0.021,0.018
223,1,9,82.0,0,75.6,0.793,91.1,151.4,160.0,0.263,-0.145,0.887,-0.038,-0.07,-0.045,0.068,-0.006,-0.062,0.176,0.263,0.244,-0.083,-0.145,-0.123
17518,1,5,57.0,0,81.5,0.736,15.0,15.8,170.0,0.195,-0.053,0.85,0.11,0.072,-0.026,-0.053,0.075,0.012,0.066,0.195,0.153,0.104,0.074,0.065
1447,1,10,64.0,1,74.4,0.807,123.7,141.8,130.0,0.065,-0.004,0.949,0.029,0.006,0.007,0.005,0.018,0.012,0.065,0.063,0.059,0.026,-0.004,0.004
2742,1,4,74.0,1,86.0,0.698,5.6,9.6,100.0,0.033,-0.132,0.964,0.032,0.033,0.015,-0.071,-0.003,0.025,-0.13,-0.125,-0.132,-0.003,0.0,0.003
2675,1,6,88.0,0,95.2,0.63,40.4,71.6,130.0,0.214,-0.021,0.937,0.015,-0.013,0.002,0.008,0.007,-0.01,0.079,0.214,0.178,0.109,-0.021,-0.015
14639,1,1,75.0,1,133.6,0.449,73.9,119.9,150.0,0.214,-0.043,0.973,0.022,0.052,-0.043,0.016,-0.006,-0.008,0.045,0.214,0.164,0.048,0.04,-0.009
2118,1,3,51.0,0,53.6,1.12,15.0,29.3,100.0,0.154,-0.01,0.863,0.006,0.002,-0.01,-0.001,0.003,-0.002,0.05,0.154,0.108,0.045,0.023,0.002
7736,1,6,68.0,0,101.7,0.59,112.8,177.6,150.0,0.209,-0.035,0.959,-0.004,-0.022,-0.012,0.011,-0.002,-0.007,0.057,0.194,0.209,0.098,-0.026,-0.035
21820,1,7,80.0,1,65.4,0.918,15.4,26.9,120.0,0.06,-0.05,0.771,0.004,-0.011,-0.01,0.005,0.015,-0.015,0.039,0.06,0.031,-0.021,-0.049,-0.05
4470,1,4,68.0,0,79.1,0.758,27.0,38.3,100.0,0.228,-0.051,0.99,0.007,-0.041,-0.051,-0.007,-0.01,-0.046,0.067,0.228,0.192,0.138,0.039,-0.028
968,1,10,79.0,0,68.0,0.882,33.1,21.9,170.0,0.067,-0.028,0.95,0.009,0.022,0.006,0.01,-0.003,0.009,0.014,0.067,0.052,0.025,-0.028,-0.02
18596,1,9,85.0,1,80.1,0.749,136.1,196.3,130.0,0.408,-0.134,0.881,-0.085,-0.001,0.161,0.07,-0.085,0.054,0.408,-0.03,-0.134,-0.081,-0.087,-0.048
18582,1,6,42.0,0,96.1,0.625,21.2,27.6,160.0,0.143,-0.041,0.964,0.023,0.018,-0.041,-0.011,0.01,0.001,0.015,0.143,0.068,-0.003,-0.013,0.005
12867,1,3,62.0,1,63.2,0.949,22.3,34.5,170.0,0.059,-0.04,0.873,0.014,-0.018,-0.04,-0.012,0.002,-0.025,0.02,0.053,0.054,0.03,0.059,-0.004
21584,1,10,82.0,1,84.7,0.708,11.7,10.0,120.0,0.089,-0.034,0.885,0.007,0.011,-0.005,-0.011,0.003,0.0,0.019,0.069,0.089,0.045,-0.01,-0.034
7537,1,1,74.0,0,94.1,0.638,13.2,18.8,100.0,0.241,-0.03,0.987,0.03,-0.001,-0.029,0.001,0.032,-0.017,0.084,0.154,0.212,0.241,0.072,-0.03
12631,1,10,67.0,0,89.1,0.674,40.5,42.4,160.0,0.118,-0.053,0.923,0.074,0.058,-0.025,-0.053,0.046,0.011,0.02,0.069,0.118,0.104,0.062,0.051
5349,1,4,74.0,0,68.0,0.883,37.2,19.5,100.0,0.116,-0.051,0.923,0.011,0.043,0.03,-0.051,-0.022,0.037,0.038,0.116,0.1,0.006,-0.013,-0.002
4143,1,2,79.0,1,97.0,0.619,25.7,45.8,150.0,0.068,-0.159,1.0,-0.091,-0.091,-0.006,0.068,-0.034,-0.044,0.061,0.057,0.048,0.003,-0.112,-0.159
6702,1,9,76.0,1,99.7,0.602,5.4,6.0,100.0,0.075,-0.112,0.986,0.019,0.051,0.026,-0.112,0.007,0.042,-0.052,0.075,0.072,0.05,0.037,0.041
11629,1,5,62.0,0,67.9,0.884,156.0,272.5,100.0,0.161,-0.07,0.997,0.066,-0.005,-0.035,-0.07,0.068,-0.015,-0.037,0.161,0.161,0.101,0.04,0.024
16714,1,1,87.0,1,75.8,0.792,156.2,279.6,170.0,0.046,-0.092,1.0,0.041,-0.046,-0.092,-0.007,0.046,-0.061,-0.042,-0.021,-0.025,0.032,-0.011,-0.022
6126,1,10,66.0,1,151.7,0.396,62.0,82.2,120.0,0.252,-0.078,1.0,0.034,-0.055,0.032,0.149,0.012,-0.033,0.144,0.252,0.188,0.06,-0.014,-0.078
6186,1,10,57.0,1,74.3,0.807,140.5,194.7,170.0,0.049,-0.066,0.875,-0.022,-0.04,-0.014,0.03,0.005,-0.027,0.016,0.04,0.049,0.04,-0.043,-0.066
10012,1,7,56.0,0,82.3,0.729,10.0,12.2,100.0,0.846,-0.347,1.0,-0.036,0.115,0.151,-0.347,-0.136,0.134,0.203,0.52,0.522,0.846,0.786,0.79
15166,1,4,65.0,0,59.5,1.008,12.3,20.9,170.0,0.107,-0.037,0.83,0.022,0.107,0.069,-0.037,-0.034,0.104,0.084,0.081,0.045,0.043,0.058,0.048
17416,1,6,77.0,0,73.9,0.812,3.9,6.3,170.0,0.355,-0.131,0.961,-0.075,-0.037,0.048,0.058,-0.048,0.005,0.223,0.355,0.207,0.055,-0.107,-0.131
6715,1,5,80.0,1,69.9,0.858,7.2,11.8,100.0,0.041,-0.03,0.92,-0.015,0.031,0.041,-0.01,-0.03,0.04,0.01,0.014,0.002,0.003,0.009,0.001
21401,1,7,70.0,0,72.6,0.827,199.3,304.4,170.0,0.095,-0.063,0.762,-0.04,-0.059,-0.021,0.034,-0.001,-0.047,0.076,0.095,0.09,0.033,-0.054,-0.063
16699,1,3,63.0,0,89.2,0.673,7.0,6.8,120.0,0.112,-0.023,0.939,0.011,0.02,-0.012,-0.023,0.011,0.013,0.013,0.042,0.073,0.112,0.06,0.03
2311,1,9,81.0,0,178.6,0.336,79.5,137.0,160.0,0.098,-0.106,1.0,0.007,0.08,0.082,-0.041,-0.05,0.08,-0.041,-0.106,0.036,0.098,0.036,0.04
21596,1,5,76.0,0,70.3,0.854,6.4,6.3,170.0,0.203,-0.071,0.929,-0.057,0.013,0.063,0.03,-0.071,0.036,0.162,0.203,0.184,0.11,-0.005,-0.028
12545,1,10,82.0,1,89.9,0.667,8.0,6.2,170.0,0.204,-0.02,0.994,0.021,0.019,0.01,0.049,0.006,-0.014,0.077,0.204,0.151,0.051,-0.02,-0.015
5543,1,4,81.0,1,90.9,0.66,6.5,7.8,100.0,0.098,-0.075,0.948,0.018,0.092,0.098,-0.075,-0.06,0.097,0.095,0.08,0.093,0.072,0.053,0.076
3600,1,10,60.0,0,70.6,0.85,29.8,18.2,120.0,0.178,-0.072,0.929,0.093,0.115,0.021,-0.072,0.048,0.062,0.024,0.178,0.159,0.119,0.095,0.079
21452,1,1,59.0,0,85.4,0.703,14.8,22.9,120.0,0.203,-0.077,0.999,-0.065,0.047,0.097,0.012,-0.077,0.068,0.126,0.203,0.187,0.104,-0.002,-0.043
10539,1,4,83.0,0,93.0,0.645,14.1,17.9,100.0,0.229,-0.091,0.998,-0.063,-0.061,-0.028,0.017,-0.091,-0.04,0.077,0.224,0.229,0.021,-0.009,-0.082
8436,1,2,68.0,1,69.9,0.858,15.3,19.2,140.0,0.241,-0.088,0.997,-0.061,-0.05,-0.003,0.057,-0.021,-0.025,0.134,0.176,0.241,0.1,0.005,-0.088
1737,1,10,67.0,1,66.2,0.906,13.6,17.3,120.0,0.087,-0.026,0.875,0.046,0.054,0.073,-0.026,-0.002,0.059,0.045,0.087,0.045,0.028,0.016,0.028
16586,1,8,83.0,0,66.8,0.898,225.6,381.7,120.0,0.12,-0.067,0.778,-0.016,-0.045,-0.005,0.032,-0.009,-0.026,0.033,0.119,0.12,0.104,-0.067,-0.054
15838,1,5,50.0,0,154.0,0.39,50.4,64.0,170.0,0.41,-0.036,1.0,-0.032,0.075,0.075,-0.003,-0.036,0.095,0.207,0.335,0.41,0.24,0.072,-0.014
7048,1,6,54.0,0,57.6,1.041,32.5,28.9,130.0,0.173,-0.03,0.953,0.053,0.079,0.007,-0.03,0.033,0.024,0.103,0.173,0.139,0.096,0.059,0.048
2656,1,9,81.0,0,102.2,0.587,4.6,6.8,160.0,0.106,-0.023,0.947,0.013,0.008,-0.018,-0.006,0.005,-0.008,0.068,0.106,0.057,0.004,-0.023,-0.012
6280,1,7,53.0,1,89.6,0.669,11.0,12.1,130.0,0.05,-0.027,0.94,-0.011,-0.024,0.021,0.05,-0.002,-0.002,0.022,-0.003,-0.02,-0.027,-0.026,-0.013
6527,1,4,59.0,0,62.7,0.957,27.2,24.0,120.0,0.125,-0.013,0.842,0.021,0.026,0.004,-0.013,0.01,0.015,0.059,0.125,0.124,0.072,0.016,0.006
11097,1,4,66.0,0,65.1,0.922,187.8,343.7,170.0,0.304,-0.377,0.996,-0.08,-0.082,0.015,0.065,-0.032,-0.03,0.155,0.304,0.098,-0.226,-0.377,-0.226
16895,1,5,48.0,0,109.4,0.548,6.2,9.4,100.0,0.182,-0.122,0.998,0.044,0.034,-0.013,-0.122,0.034,0.004,0.028,0.126,0.182,0.155,0.105,0.075
19157,1,5,64.0,1,114.0,0.526,4.9,8.4,120.0,0.077,-0.034,0.991,0.001,-0.011,0.021,0.018,-0.033,0.007,0.071,0.077,0.064,-0.024,-0.034,0.002
6764,1,9,64.0,0,73.0,0.822,24.1,16.1,120.0,0.273,-0.037,0.95,-0.003,-0.029,-0.016,0.024,0.005,-0.023,0.148,0.273,0.227,0.025,-0.027,-0.037
14110,1,9,64.0,0,69.9,0.858,17.5,17.3,130.0,0.096,-0.025,0.973,0.033,0.053,0.013,-0.025,0.01,0.032,0.025,0.096,0.048,0.037,0.038,0.04
21489,1,9,78.0,1,93.8,0.64,88.3,132.2,170.0,0.152,-0.205,0.979,-0.079,-0.205,-0.118,0.116,0.013,-0.157,0.152,0.083,0.069,-0.175,-0.157,-0.154
20425,1,8,60.0,1,76.7,0.783,14.8,20.2,130.0,0.123,-0.054,0.994,0.013,-0.045,-0.054,0.029,0.026,-0.052,0.078,0.12,0.123,0.028,-0.009,-0.023
14391,1,6,67.0,0,81.8,0.734,13.3,16.1,100.0,0.108,-0.03,0.962,-0.004,0.021,0.021,-0.03,-0.009,0.025,0.015,0.108,0.089,0.045,0.034,0.021
19544,1,4,85.0,0,54.9,1.093,10.9,15.1,130.0,0.267,-0.19,0.819,-0.185,-0.094,0.077,0.124,-0.135,0.002,0.267,-0.055,-0.133,-0.19,-0.169,-0.165
532,1,4,73.0,1,78.3,0.766,11.1,16.2,100.0,0.289,-0.192,0.982,-0.071,0.216,0.289,-0.083,-0.192,0.251,-0.049,-0.104,-0.088,-0.015,-0.05,-0.033
16480,1,8,36.0,0,107.4,0.559,3.2,5.0,170.0,0.256,-0.349,1.0,-0.197,-0.057,0.256,0.049,-0.237,0.127,-0.042,-0.253,-0.349,-0.212,-0.14,-0.161
8977,1,9,48.0,1,54.5,1.1,59.4,102.4,140.0,0.114,-0.028,0.851,0.051,0.068,0.01,-0.028,0.026,0.033,0.011,0.114,0.049,0.051,0.054,0.049
535,1,4,73.0,1,74.1,0.81,7.4,11.0,120.0,0.278,-0.137,0.954,-0.011,0.249,0.278,-0.124,-0.131,0.264,-0.073,-0.137,-0.091,-0.065,-0.026,0.03
12992,1,1,74.0,0,60.3,0.996,9.6,15.0,170.0,0.235,-0.039,0.906,-0.005,0.034,0.035,0.013,-0.039,0.037,0.136,0.233,0.235,0.121,0.028,0.003
5327,1,4,53.0,1,75.8,0.792,42.4,22.0,150.0,0.129,-0.021,0.967,-0.021,0.006,0.016,0.017,-0.009,0.013,0.069,0.117,0.129,0.082,-0.002,-0.015
1675,1,2,81.0,0,67.6,0.888,27.9,36.1,170.0,0.16,-0.036,1.0,0.062,0.114,0.019,-0.036,0.003,0.064,0.025,0.057,0.16,0.147,0.131,0.112
7708,1,5,66.0,1,74.2,0.809,29.1,52.2,150.0,0.101,-0.09,0.825,-0.064,0.04,0.101,0.034,-0.09,0.084,0.074,0.04,-0.004,-0.044,-0.041,-0.031
15641,1,6,41.0,1,68.8,0.872,53.1,57.5,130.0,0.065,-0.01,0.901,0.014,0.021,-0.001,-0.008,-0.01,0.009,0.048,0.054,0.065,0.058,0.023,0.013
8753,1,2,51.0,0,73.7,0.814,6.4,10.5,100.0,0.185,-0.084,0.996,-0.081,0.022,0.057,0.015,-0.084,0.039,0.154,0.167,0.185,0.071,0.011,-0.003
3987,1,1,71.0,1,87.2,0.688,12.1,11.1,170.0,0.069,-0.045,0.895,-0.038,0.011,0.028,0.035,-0.045,0.034,0.069,0.052,0.01,-0.011,-0.011,0.0
1371,1,4,66.0,0,118.5,0.506,10.4,12.9,170.0,0.429,-0.087,1.0,0.097,0.117,0.066,-0.087,0.055,0.077,0.129,0.419,0.429,0.419,0.188,0.089
18467,1,5,71.0,0,71.7,0.836,11.5,10.5,170.0,0.097,-0.085,0.845,-0.011,-0.038,0.029,0.034,-0.025,0.001,0.045,0.097,0.069,0.045,-0.07,-0.085
4978,1,1,84.0,0,70.3,0.854,196.9,323.6,100.0,1.777,-0.563,0.975,-0.17,-0.318,-0.175,0.245,-0.011,-0.243,0.807,1.777,1.763,0.735,-0.285,-0.563
7673,1,6,68.0,0,79.6,0.753,101.7,146.6,130.0,0.045,-0.039,0.807,-0.012,-0.027,-0.016,0.013,0.006,-0.014,-0.011,-0.002,0.045,0.017,-0.027,-0.039
19573,1,7,55.0,0,84.5,0.71,7.8,10.0,130.0,0.049,-0.009,0.987,0.021,0.0,-0.006,-0.005,0.019,-0.009,0.032,0.046,0.049,0.035,0.005,0.015
18636,1,4,300.0,0,75.9,0.79,10.4,17.3,100.0,2.882,-1.684,0.96,-0.964,-0.034,0.868,0.469,-0.948,0.414,2.882,2.311,1.828,-1.29,-1.684,-1.667
11047,1,3,35.0,0,96.9,0.619,4.4,7.6,100.0,0.399,-0.402,1.0,-0.233,-0.263,0.018,-0.091,-0.151,-0.123,0.399,0.074,-0.301,-0.402,-0.373,-0.264
7655,1,3,62.0,0,87.3,0.687,28.9,28.1,100.0,0.231,-0.067,1.0,0.023,0.005,0.012,-0.067,-0.04,0.016,0.107,0.231,0.142,0.025,-0.002,0.005
5957,1,4,75.0,1,83.7,0.717,4.7,8.0,150.0,0.138,-0.023,0.852,-0.021,-0.007,0.012,0.038,-0.023,0.001,0.111,0.138,0.015,0.014,-0.011,-0.023
8669,1,6,89.0,1,79.7,0.753,113.2,195.4,130.0,0.048,-0.082,0.958,-0.015,0.03,0.048,-0.008,-0.022,0.041,-0.011,-0.082,-0.08,-0.005,-0.008,-0.002
2815,1,7,85.0,1,96.4,0.623,47.8,92.3,100.0,0.283,-0.149,1.0,0.137,0.099,0.04,-0.149,0.082,0.071,0.279,0.283,0.176,0.11,0.064,0.044
9096,1,3,57.0,0,60.9,0.986,15.0,24.0,140.0,0.068,-0.004,0.875,0.002,0.022,0.009,-0.004,-0.004,0.049,0.033,0.068,0.061,0.039,0.013,0.021
4009,1,4,65.0,0,83.3,0.72,16.6,10.0,170.0,0.159,-0.417,0.982,-0.114,0.053,0.159,0.018,-0.153,0.105,-0.204,-0.395,-0.412,-0.417,-0.348,-0.157
2450,1,7,81.0,1,83.5,0.718,11.0,13.8,130.0,0.374,-0.177,0.821,-0.161,-0.091,0.119,0.175,-0.151,0.01,0.181,0.374,0.057,-0.177,-0.116,-0.083
17565,1,1,63.0,0,83.2,0.722,30.6,17.1,170.0,0.086,-0.015,0.999,0.02,0.086,0.058,-0.015,0.002,0.074,0.013,0.04,0.058,0.041,0.055,0.064
266,1,9,81.0,1,72.4,0.828,185.1,301.1,170.0,0.253,-0.03,0.962,0.034,0.018,-0.002,-0.03,0.026,0.001,0.031,0.071,0.253,0.204,0.097,-0.011
7601,1,9,75.0,0,84.9,0.707,14.3,22.4,130.0,0.058,-0.119,0.988,-0.059,-0.044,-0.017,0.031,-0.027,-0.035,0.058,0.04,-0.027,-0.119,-0.091,-0.071
2485,1,4,65.0,0,90.4,0.664,16.7,11.8,100.0,0.193,-0.154,1.0,-0.102,-0.032,0.047,0.07,-0.104,0.007,0.12,0.103,0.193,0.018,-0.154,-0.115
21677,1,7,51.0,0,69.0,0.87,14.8,17.3,170.0,0.106,-0.081,0.879,0.033,0.011,-0.081,0.002,0.015,-0.037,0.019,0.106,0.092,0.051,0.046,0.034
7001,1,4,79.0,0,174.3,0.344,113.3,195.5,170.0,0.044,-0.086,0.88,-0.01,-0.086,-0.025,0.044,-0.007,-0.072,0.01,0.002,-0.01,-0.011,-0.009,0.021
17321,1,4,63.0,1,67.6,0.887,205.2,230.2,100.0,0.053,-0.026,0.852,0.007,0.015,0.001,-0.026,-0.015,0.009,0.018,0.053,0.053,0.042,0.019,0.003
13151,1,3,64.0,0,70.1,0.855,10.8,11.0,160.0,0.079,-0.015,0.945,0.008,0.003,-0.015,0.005,0.006,-0.013,0.059,0.079,0.048,-0.011,0.007,0.019
13083,1,5,62.0,0,106.4,0.564,32.4,55.1,170.0,5.571,-1.201,0.96,-0.031,-0.039,-0.018,0.037,-0.007,-0.027,0.394,1.123,5.571,3.195,-1.201,-0.748
17281,1,2,62.0,0,62.3,0.963,13.3,18.0,100.0,0.015,-0.011,0.833,0.015,0.001,0.009,-0.009,-0.001,0.015,-0.004,0.015,0.007,-0.011,-0.001,-0.007
11043,1,2,89.0,0,108.6,0.552,10.0,9.7,120.0,0.133,-0.022,0.983,0.018,0.04,0.02,-0.022,-0.004,0.025,0.013,0.073,0.133,0.054,0.036,0.02
964,1,2,67.0,0,62.6,0.959,138.2,221.0,120.0,0.246,-0.077,0.836,-0.077,-0.019,0.074,0.064,-0.074,0.026,0.209,0.246,0.18,0.076,-0.014,-0.039
